-- phpMyAdmin SQL Dump
-- version 5.0.2
-- https://www.phpmyadmin.net/
--
-- Hôte : 127.0.0.1:3306
-- Généré le : lun. 18 jan. 2021 à 14:29
-- Version du serveur :  8.0.21
-- Version de PHP : 7.3.21

SET SQL_MODE = "NO_AUTO_VALUE_ON_ZERO";
START TRANSACTION;
SET time_zone = "+00:00";


/*!40101 SET @OLD_CHARACTER_SET_CLIENT=@@CHARACTER_SET_CLIENT */;
/*!40101 SET @OLD_CHARACTER_SET_RESULTS=@@CHARACTER_SET_RESULTS */;
/*!40101 SET @OLD_COLLATION_CONNECTION=@@COLLATION_CONNECTION */;
/*!40101 SET NAMES utf8mb4 */;

--
-- Base de données : `gsb_frais_v1`
--

--
-- Déchargement des données de la table `tb_etat`
--

INSERT INTO `tb_etat` (`ETT_ID`, `ETT_LIBELLE`) VALUES
('CL', 'Saisie clôturée'),
('CR', 'Fiche créée, saisie en cours'),
('RB', 'Fiche remboursée'),
('VA', 'Fiche validée et mise en paiement');

--
-- Déchargement des données de la table `tb_fichefrais`
--

INSERT INTO `tb_fichefrais` (`FCH_NUM`, `FCH_MOIS`, `FCH_NBJUSTIFICATIFS`, `FCH_DATEMODIF`, `FCH_VST_ID`, `FCH_ETT_ID`) VALUES
(1, '201907', 0, '2019-07-31', 'a131', 'RB'),
(2, '201907', 1, '2019-07-31', 'a17', 'RB'),
(3, '201907', 0, '2019-07-25', 'a55', 'RB'),
(4, '201907', 0, '2019-07-31', 'a93', 'RB'),
(5, '201907', 0, '2019-07-31', 'b13', 'RB'),
(6, '201907', 0, '2019-07-31', 'b16', 'RB'),
(7, '201907', 0, '2019-07-31', 'b19', 'RB'),
(8, '201907', 0, '2019-07-31', 'b25', 'RB'),
(9, '201907', 0, '2019-07-31', 'b28', 'RB'),
(10, '201907', 0, '2019-07-31', 'b34', 'RB'),
(11, '201907', 0, '2019-07-31', 'b4', 'RB'),
(12, '201907', 0, '2019-07-28', 'b50', 'RB'),
(13, '201907', 0, '2019-07-31', 'b59', 'RB'),
(14, '201907', 0, '2019-07-31', 'c14', 'RB'),
(15, '201907', 0, '2019-07-31', 'c3', 'RB'),
(16, '201907', 2, '2019-07-31', 'c54', 'RB'),
(17, '201907', 0, '2019-07-31', 'd13', 'RB'),
(18, '201907', 0, '2019-07-31', 'd51', 'RB'),
(19, '201907', 0, '2019-07-31', 'e22', 'RB'),
(20, '201907', 0, '2019-07-31', 'e24', 'RB'),
(21, '201907', 0, '2019-07-31', 'e39', 'RB'),
(22, '201908', 1, '2019-07-31', 'a17', 'RB'),
(23, '201908', 0, '2019-07-25', 'a55', 'RB'),
(24, '201908', 0, '2019-07-31', 'a93', 'RB'),
(25, '201908', 0, '2019-07-31', 'b16', 'RB'),
(26, '201908', 0, '2019-07-31', 'b19', 'RB'),
(27, '201908', 0, '2019-07-28', 'b50', 'RB'),
(28, '201908', 0, '2019-07-31', 'c14', 'RB'),
(29, '201908', 0, '2019-07-31', 'c3', 'RB'),
(30, '201908', 0, '2019-07-31', 'd13', 'RB'),
(31, '201908', 0, '2019-07-31', 'd51', 'RB'),
(32, '201908', 0, '2019-07-31', 'e24', 'RB'),
(33, '201908', 0, '2019-07-31', 'e39', 'RB'),
(34, '201908', 0, '2019-07-31', 'e49', 'RB'),
(35, '201908', 0, '2019-07-31', 'e5', 'RB'),
(36, '201908', 0, '2019-07-20', 'e52', 'RB'),
(37, '201908', 0, '2019-07-31', 'f21', 'RB'),
(38, '201908', 0, '2019-07-31', 'f39', 'RB'),
(39, '201908', 0, '2019-07-31', 'f4', 'RB'),
(40, '201908', 0, '2019-07-31', 'g19', 'RB'),
(41, '201908', 0, '2019-07-31', 'g30', 'RB'),
(42, '201908', 0, '2019-07-31', 'g53', 'RB'),
(43, '201909', 0, '2019-07-31', 'a131', 'RB'),
(44, '201909', 1, '2019-07-31', 'a17', 'RB'),
(45, '201909', 0, '2019-07-25', 'a55', 'RB'),
(46, '201909', 0, '2019-07-31', 'a93', 'RB'),
(47, '201909', 0, '2019-07-31', 'b13', 'RB'),
(48, '201909', 0, '2019-07-31', 'b16', 'RB'),
(49, '201909', 0, '2019-07-31', 'b19', 'RB'),
(50, '201909', 0, '2019-07-28', 'b50', 'RB'),
(51, '201909', 0, '2019-07-31', 'c14', 'RB'),
(52, '201909', 0, '2019-07-31', 'c3', 'RB'),
(53, '201909', 2, '2019-07-31', 'c54', 'RB'),
(54, '201909', 0, '2019-07-31', 'd13', 'RB'),
(55, '201909', 0, '2019-07-31', 'd51', 'RB'),
(56, '201909', 0, '2019-07-31', 'e24', 'RB'),
(57, '201909', 0, '2019-07-31', 'e39', 'RB'),
(58, '201909', 0, '2019-07-31', 'e49', 'RB'),
(59, '201909', 0, '2019-07-31', 'e5', 'RB'),
(60, '201909', 1, '2019-07-20', 'e52', 'RB'),
(61, '201909', 0, '2019-07-31', 'f21', 'RB'),
(62, '201909', 0, '2019-07-31', 'f39', 'RB'),
(63, '201909', 0, '2019-07-31', 'f4', 'RB'),
(64, '201909', 0, '2019-07-31', 'g19', 'RB'),
(65, '201909', 0, '2019-07-31', 'g30', 'RB'),
(66, '201909', 0, '2019-07-31', 'g53', 'RB'),
(67, '201910', 0, '2019-10-13', 'a131', 'RB'),
(68, '201910', 1, '2019-10-13', 'a17', 'RB'),
(69, '201910', 0, '2019-10-13', 'a55', 'RB'),
(70, '201910', 0, '2019-10-13', 'a93', 'RB'),
(71, '201910', 0, '2019-10-13', 'b13', 'RB'),
(72, '201910', 0, '2019-10-13', 'b16', 'RB'),
(73, '201910', 0, '2019-10-13', 'b19', 'RB'),
(74, '201910', 0, '2019-10-13', 'b25', 'RB'),
(75, '201910', 0, '2019-10-13', 'b28', 'RB'),
(76, '201910', 0, '2019-10-13', 'b34', 'RB'),
(77, '201910', 0, '2019-10-13', 'b4', 'RB'),
(78, '201910', 0, '2019-10-13', 'b50', 'RB'),
(79, '201910', 0, '2019-10-13', 'b59', 'RB'),
(80, '201910', 0, '2019-10-13', 'c14', 'RB'),
(81, '201910', 0, '2019-10-13', 'c3', 'RB'),
(82, '201910', 2, '2019-10-13', 'c54', 'RB'),
(83, '201910', 0, '2019-10-13', 'd13', 'RB'),
(84, '201910', 0, '2019-10-13', 'd51', 'RB'),
(85, '201910', 0, '2019-10-13', 'e22', 'RB'),
(86, '201910', 0, '2019-10-13', 'e24', 'RB'),
(87, '201910', 0, '2019-10-13', 'e39', 'RB'),
(88, '201910', 1, '2019-10-13', 'a17', 'RB'),
(89, '201910', 0, '2019-10-13', 'a55', 'RB'),
(90, '201910', 0, '2019-10-13', 'a93', 'RB'),
(91, '201910', 0, '2019-10-13', 'b16', 'RB'),
(92, '201911', 0, '2019-11-10', 'b19', 'RB'),
(93, '201911', 0, '2019-11-10', 'b50', 'RB'),
(94, '201911', 0, '2019-11-10', 'c14', 'RB'),
(95, '201911', 0, '2019-11-10', 'c3', 'RB'),
(96, '201911', 0, '2019-11-10', 'd13', 'RB'),
(97, '201911', 0, '2019-11-10', 'd51', 'RB'),
(98, '201911', 0, '2019-11-10', 'e24', 'RB'),
(99, '201911', 0, '2019-11-10', 'e39', 'RB'),
(100, '201911', 0, '2019-11-10', 'e49', 'RB'),
(101, '201911', 0, '2019-11-10', 'e5', 'RB'),
(102, '201911', 0, '2019-11-10', 'e52', 'RB'),
(103, '201911', 0, '2019-11-10', 'f21', 'RB'),
(104, '201911', 0, '2019-11-10', 'f39', 'RB'),
(105, '201911', 0, '2019-11-10', 'f4', 'RB'),
(106, '201911', 0, '2019-11-10', 'g19', 'RB'),
(107, '201911', 0, '2019-11-10', 'g30', 'RB'),
(108, '201911', 0, '2019-11-10', 'g53', 'RB'),
(109, '201912', 1, '2019-12-20', 'a17', 'RB'),
(110, '201912', 0, '2019-12-20', 'a55', 'RB'),
(111, '201912', 0, '2019-12-20', 'a93', 'RB'),
(112, '201912', 0, '2019-12-20', 'b13', 'RB'),
(113, '201912', 0, '2019-12-20', 'b16', 'RB'),
(114, '201912', 0, '2019-12-20', 'b19', 'RB'),
(115, '201912', 0, '2019-12-20', 'b50', 'RB'),
(116, '201912', 0, '2019-12-20', 'c14', 'RB'),
(117, '201912', 0, '2019-12-20', 'c3', 'RB'),
(118, '201912', 2, '2019-12-20', 'c54', 'RB'),
(119, '201912', 0, '2019-12-20', 'd13', 'RB'),
(120, '201912', 0, '2019-12-20', 'd51', 'RB'),
(121, '201912', 0, '2019-12-20', 'e24', 'RB'),
(122, '201912', 0, '2019-12-20', 'e39', 'RB'),
(123, '201912', 0, '2019-12-20', 'e49', 'RB'),
(124, '201912', 0, '2019-12-20', 'e5', 'RB'),
(125, '201912', 1, '2019-12-20', 'e52', 'RB'),
(126, '201912', 0, '2019-12-20', 'f21', 'RB'),
(127, '201912', 0, '2019-12-20', 'f39', 'RB'),
(128, '201912', 0, '2019-12-20', 'f4', 'RB'),
(129, '201912', 0, '2019-12-20', 'g19', 'RB'),
(130, '201912', 0, '2019-12-20', 'g30', 'RB'),
(131, '201912', 0, '2019-12-20', 'g53', 'RB');

--
-- Déchargement des données de la table `tb_fraisforfait`
--

INSERT INTO `tb_fraisforfait` (`FRS_ID`, `FRS_LIBELLE`, `FRS_MONTANT`) VALUES
('ETP', 'Forfait Etape', '110.00'),
('KM', 'Frais Kilométrique', '0.62'),
('NUI', 'Nuitée Hôtel', '80.00'),
('REP', 'Repas Restaurant', '25.00');

--
-- Déchargement des données de la table `tb_lignefraisforfait`
--

INSERT INTO `tb_lignefraisforfait` (`LFF_FCH_NUM`, `LFF_FRS_ID`, `LFF_QUANTITE`) VALUES
(1, 'ETP', 2),
(1, 'KM', 500),
(1, 'NUI', 15),
(1, 'REP', 19),
(2, 'ETP', 0),
(2, 'KM', 1500),
(2, 'NUI', 14),
(2, 'REP', 12),
(3, 'ETP', 0),
(3, 'KM', 800),
(3, 'NUI', 10),
(3, 'REP', 12),
(4, 'ETP', 0),
(4, 'KM', 750),
(4, 'NUI', 16),
(4, 'REP', 12),
(5, 'ETP', 0),
(5, 'KM', 900),
(5, 'NUI', 14),
(5, 'REP', 12),
(6, 'ETP', 0),
(6, 'KM', 1230),
(6, 'NUI', 17),
(6, 'REP', 12),
(7, 'ETP', 0),
(7, 'KM', 650),
(7, 'NUI', 18),
(7, 'REP', 12),
(8, 'ETP', 0),
(8, 'KM', 1400),
(8, 'NUI', 20),
(8, 'REP', 12),
(9, 'ETP', 0),
(9, 'KM', 3200),
(9, 'NUI', 21),
(9, 'REP', 18),
(10, 'ETP', 0),
(10, 'KM', 900),
(10, 'NUI', 19),
(10, 'REP', 12),
(11, 'ETP', 0),
(11, 'KM', 960),
(11, 'NUI', 18),
(11, 'REP', 14),
(12, 'ETP', 0),
(12, 'KM', 680),
(12, 'NUI', 17),
(12, 'REP', 14),
(13, 'ETP', 1),
(13, 'KM', 780),
(13, 'NUI', 16),
(13, 'REP', 12),
(14, 'ETP', 0),
(14, 'KM', 1300),
(14, 'NUI', 21),
(14, 'REP', 14),
(15, 'ETP', 5),
(15, 'KM', 4000),
(15, 'NUI', 15),
(15, 'REP', 21),
(16, 'ETP', 0),
(16, 'KM', 2400),
(16, 'NUI', 15),
(16, 'REP', 18),
(17, 'ETP', 2),
(17, 'KM', 1400),
(17, 'NUI', 15),
(17, 'REP', 10),
(18, 'ETP', 0),
(18, 'KM', 365),
(18, 'NUI', 15),
(18, 'REP', 10),
(19, 'ETP', 0),
(19, 'KM', 874),
(19, 'NUI', 15),
(19, 'REP', 20),
(20, 'ETP', 2),
(20, 'KM', 960),
(20, 'NUI', 15),
(20, 'REP', 18),
(21, 'ETP', 0),
(21, 'KM', 1480),
(21, 'NUI', 15),
(21, 'REP', 15),
(22, 'ETP', 0),
(22, 'KM', 1500),
(22, 'NUI', 14),
(22, 'REP', 12),
(23, 'ETP', 0),
(23, 'KM', 800),
(23, 'NUI', 10),
(23, 'REP', 12),
(24, 'ETP', 0),
(24, 'KM', 750),
(24, 'NUI', 16),
(24, 'REP', 12),
(25, 'ETP', 0),
(25, 'KM', 1230),
(25, 'NUI', 17),
(25, 'REP', 12),
(26, 'ETP', 0),
(26, 'KM', 850),
(26, 'NUI', 12),
(26, 'REP', 20),
(27, 'ETP', 0),
(27, 'KM', 680),
(27, 'NUI', 17),
(27, 'REP', 14),
(28, 'ETP', 0),
(28, 'KM', 1300),
(28, 'NUI', 21),
(28, 'REP', 14),
(29, 'ETP', 5),
(29, 'KM', 4000),
(29, 'NUI', 15),
(29, 'REP', 21),
(30, 'ETP', 2),
(30, 'KM', 1400),
(30, 'NUI', 15),
(30, 'REP', 10),
(31, 'ETP', 0),
(31, 'KM', 365),
(31, 'NUI', 15),
(31, 'REP', 10),
(32, 'ETP', 2),
(32, 'KM', 960),
(32, 'NUI', 15),
(32, 'REP', 18),
(33, 'ETP', 0),
(33, 'KM', 1480),
(33, 'NUI', 15),
(33, 'REP', 15),
(34, 'ETP', 0),
(34, 'KM', 874),
(34, 'NUI', 15),
(34, 'REP', 20),
(35, 'ETP', 0),
(35, 'KM', 2400),
(35, 'NUI', 15),
(35, 'REP', 18),
(36, 'ETP', 1),
(36, 'KM', 780),
(36, 'NUI', 16),
(36, 'REP', 12),
(37, 'ETP', 0),
(37, 'KM', 900),
(37, 'NUI', 19),
(37, 'REP', 12),
(38, 'ETP', 0),
(38, 'KM', 960),
(38, 'NUI', 18),
(38, 'REP', 14),
(39, 'ETP', 0),
(39, 'KM', 3200),
(39, 'NUI', 21),
(39, 'REP', 18),
(40, 'ETP', 0),
(40, 'KM', 1400),
(40, 'NUI', 20),
(40, 'REP', 12),
(41, 'ETP', 0),
(41, 'KM', 900),
(41, 'NUI', 14),
(41, 'REP', 12),
(42, 'ETP', 2),
(42, 'KM', 500),
(42, 'NUI', 15),
(42, 'REP', 19),
(43, 'ETP', 2),
(43, 'KM', 500),
(43, 'NUI', 15),
(43, 'REP', 19),
(44, 'ETP', 5),
(44, 'KM', 2000),
(44, 'NUI', 15),
(44, 'REP', 25),
(45, 'ETP', 0),
(45, 'KM', 800),
(45, 'NUI', 10),
(45, 'REP', 12),
(46, 'ETP', 0),
(46, 'KM', 750),
(46, 'NUI', 16),
(46, 'REP', 12),
(47, 'ETP', 0),
(47, 'KM', 1230),
(47, 'NUI', 17),
(47, 'REP', 12),
(48, 'ETP', 0),
(48, 'KM', 1230),
(48, 'NUI', 17),
(48, 'REP', 12),
(49, 'ETP', 0),
(49, 'KM', 650),
(49, 'NUI', 18),
(49, 'REP', 12),
(50, 'ETP', 0),
(50, 'KM', 680),
(50, 'NUI', 17),
(50, 'REP', 14),
(51, 'ETP', 0),
(51, 'KM', 1300),
(51, 'NUI', 21),
(51, 'REP', 14),
(52, 'ETP', 5),
(52, 'KM', 4000),
(52, 'NUI', 15),
(52, 'REP', 21),
(53, 'ETP', 2),
(53, 'KM', 1500),
(53, 'NUI', 6),
(53, 'REP', 8),
(54, 'ETP', 2),
(54, 'KM', 1400),
(54, 'NUI', 15),
(54, 'REP', 10),
(55, 'ETP', 0),
(55, 'KM', 365),
(55, 'NUI', 15),
(55, 'REP', 10),
(56, 'ETP', 2),
(56, 'KM', 960),
(56, 'NUI', 15),
(56, 'REP', 18),
(57, 'ETP', 0),
(57, 'KM', 1480),
(57, 'NUI', 15),
(57, 'REP', 15),
(58, 'ETP', 0),
(58, 'KM', 874),
(58, 'NUI', 15),
(58, 'REP', 20),
(59, 'ETP', 0),
(59, 'KM', 2400),
(59, 'NUI', 15),
(59, 'REP', 18),
(60, 'ETP', 1),
(60, 'KM', 780),
(60, 'NUI', 16),
(60, 'REP', 12),
(61, 'ETP', 0),
(61, 'KM', 900),
(61, 'NUI', 19),
(61, 'REP', 12),
(62, 'ETP', 0),
(62, 'KM', 960),
(62, 'NUI', 18),
(62, 'REP', 14),
(63, 'ETP', 0),
(63, 'KM', 3200),
(63, 'NUI', 21),
(63, 'REP', 18),
(64, 'ETP', 0),
(64, 'KM', 1400),
(64, 'NUI', 20),
(64, 'REP', 12),
(65, 'ETP', 0),
(65, 'KM', 900),
(65, 'NUI', 14),
(65, 'REP', 12),
(66, 'ETP', 2),
(66, 'KM', 500),
(66, 'NUI', 15),
(66, 'REP', 19),
(67, 'ETP', 2),
(67, 'KM', 500),
(67, 'NUI', 15),
(67, 'REP', 3),
(68, 'ETP', 1),
(68, 'KM', 1200),
(68, 'NUI', 4),
(68, 'REP', 12),
(69, 'ETP', 0),
(69, 'KM', 1250),
(69, 'NUI', 10),
(69, 'REP', 12),
(70, 'ETP', 0),
(70, 'KM', 750),
(70, 'NUI', 16),
(70, 'REP', 12),
(71, 'ETP', 3),
(71, 'KM', 950),
(71, 'NUI', 14),
(71, 'REP', 12),
(72, 'ETP', 0),
(72, 'KM', 1230),
(72, 'NUI', 17),
(72, 'REP', 12),
(73, 'ETP', 0),
(73, 'KM', 1250),
(73, 'NUI', 20),
(73, 'REP', 12),
(74, 'ETP', 7),
(74, 'KM', 1400),
(74, 'NUI', 20),
(74, 'REP', 12),
(75, 'ETP', 7),
(75, 'KM', 3200),
(75, 'NUI', 21),
(75, 'REP', 5),
(76, 'ETP', 0),
(76, 'KM', 900),
(76, 'NUI', 19),
(76, 'REP', 12),
(77, 'ETP', 0),
(77, 'KM', 1120),
(77, 'NUI', 20),
(77, 'REP', 14),
(78, 'ETP', 2),
(78, 'KM', 680),
(78, 'NUI', 17),
(78, 'REP', 14),
(79, 'ETP', 1),
(79, 'KM', 780),
(79, 'NUI', 16),
(79, 'REP', 12),
(80, 'ETP', 0),
(80, 'KM', 1350),
(80, 'NUI', 21),
(80, 'REP', 15),
(81, 'ETP', 5),
(81, 'KM', 4000),
(81, 'NUI', 15),
(81, 'REP', 21),
(82, 'ETP', 0),
(82, 'KM', 2400),
(82, 'NUI', 15),
(82, 'REP', 18),
(83, 'ETP', 2),
(83, 'KM', 1400),
(83, 'NUI', 15),
(83, 'REP', 10),
(84, 'ETP', 0),
(84, 'KM', 365),
(84, 'NUI', 15),
(84, 'REP', 10),
(85, 'ETP', 0),
(85, 'KM', 850),
(85, 'NUI', 16),
(85, 'REP', 20),
(86, 'ETP', 2),
(86, 'KM', 960),
(86, 'NUI', 15),
(86, 'REP', 18),
(87, 'ETP', 3),
(87, 'KM', 1780),
(87, 'NUI', 15),
(87, 'REP', 15),
(88, 'ETP', 0),
(88, 'KM', 1500),
(88, 'NUI', 14),
(88, 'REP', 12),
(89, 'ETP', 0),
(89, 'KM', 800),
(89, 'NUI', 10),
(89, 'REP', 12),
(90, 'ETP', 0),
(90, 'KM', 750),
(90, 'NUI', 16),
(90, 'REP', 12),
(91, 'ETP', 0),
(91, 'KM', 1230),
(91, 'NUI', 17),
(91, 'REP', 12),
(92, 'ETP', 0),
(92, 'KM', 850),
(92, 'NUI', 12),
(92, 'REP', 20),
(93, 'ETP', 0),
(93, 'KM', 680),
(93, 'NUI', 17),
(93, 'REP', 14),
(94, 'ETP', 0),
(94, 'KM', 1300),
(94, 'NUI', 21),
(94, 'REP', 14),
(95, 'ETP', 5),
(95, 'KM', 3400),
(95, 'NUI', 15),
(95, 'REP', 20),
(96, 'ETP', 2),
(96, 'KM', 1400),
(96, 'NUI', 15),
(96, 'REP', 13),
(97, 'ETP', 1),
(97, 'KM', 365),
(97, 'NUI', 15),
(97, 'REP', 10),
(98, 'ETP', 2),
(98, 'KM', 1100),
(98, 'NUI', 15),
(98, 'REP', 18),
(99, 'ETP', 0),
(99, 'KM', 1480),
(99, 'NUI', 16),
(99, 'REP', 15),
(100, 'ETP', 0),
(100, 'KM', 874),
(100, 'NUI', 15),
(100, 'REP', 20),
(101, 'ETP', 0),
(101, 'KM', 2400),
(101, 'NUI', 15),
(101, 'REP', 19),
(102, 'ETP', 1),
(102, 'KM', 890),
(102, 'NUI', 16),
(102, 'REP', 11),
(103, 'ETP', 0),
(103, 'KM', 900),
(103, 'NUI', 19),
(103, 'REP', 12),
(104, 'ETP', 0),
(104, 'KM', 960),
(104, 'NUI', 18),
(104, 'REP', 14),
(105, 'ETP', 0),
(105, 'KM', 3200),
(105, 'NUI', 21),
(105, 'REP', 18),
(106, 'ETP', 2),
(106, 'KM', 1430),
(106, 'NUI', 20),
(106, 'REP', 12),
(107, 'ETP', 0),
(107, 'KM', 900),
(107, 'NUI', 14),
(107, 'REP', 12),
(108, 'ETP', 2),
(108, 'KM', 500),
(108, 'NUI', 15),
(108, 'REP', 19),
(109, 'ETP', 2),
(109, 'KM', 500),
(109, 'NUI', 15),
(109, 'REP', 19),
(110, 'ETP', 5),
(110, 'KM', 2000),
(110, 'NUI', 15),
(110, 'REP', 25),
(111, 'ETP', 0),
(111, 'KM', 800),
(111, 'NUI', 10),
(111, 'REP', 12),
(112, 'ETP', 0),
(112, 'KM', 750),
(112, 'NUI', 16),
(112, 'REP', 12),
(113, 'ETP', 0),
(113, 'KM', 1230),
(113, 'NUI', 17),
(113, 'REP', 12),
(114, 'ETP', 0),
(114, 'KM', 1230),
(114, 'NUI', 17),
(114, 'REP', 12),
(115, 'ETP', 0),
(115, 'KM', 780),
(115, 'NUI', 18),
(115, 'REP', 13),
(116, 'ETP', 0),
(116, 'KM', 600),
(116, 'NUI', 17),
(116, 'REP', 14),
(117, 'ETP', 0),
(117, 'KM', 1300),
(117, 'NUI', 21),
(117, 'REP', 14),
(118, 'ETP', 6),
(118, 'KM', 4000),
(118, 'NUI', 15),
(118, 'REP', 21),
(119, 'ETP', 2),
(119, 'KM', 1500),
(119, 'NUI', 6),
(119, 'REP', 12),
(120, 'ETP', 2),
(120, 'KM', 1400),
(120, 'NUI', 15),
(120, 'REP', 10),
(121, 'ETP', 0),
(121, 'KM', 365),
(121, 'NUI', 15),
(121, 'REP', 10),
(122, 'ETP', 2),
(122, 'KM', 960),
(122, 'NUI', 15),
(122, 'REP', 18),
(123, 'ETP', 0),
(123, 'KM', 1480),
(123, 'NUI', 15),
(123, 'REP', 15),
(124, 'ETP', 0),
(124, 'KM', 890),
(124, 'NUI', 15),
(124, 'REP', 20),
(125, 'ETP', 0),
(125, 'KM', 2400),
(125, 'NUI', 15),
(125, 'REP', 18),
(126, 'ETP', 1),
(126, 'KM', 780),
(126, 'NUI', 16),
(126, 'REP', 12),
(127, 'ETP', 0),
(127, 'KM', 1100),
(127, 'NUI', 19),
(127, 'REP', 12),
(128, 'ETP', 0),
(128, 'KM', 960),
(128, 'NUI', 18),
(128, 'REP', 14),
(129, 'ETP', 0),
(129, 'KM', 3200),
(129, 'NUI', 19),
(129, 'REP', 18),
(130, 'ETP', 0),
(130, 'KM', 1400),
(130, 'NUI', 20),
(130, 'REP', 12),
(131, 'ETP', 0),
(131, 'KM', 900),
(131, 'NUI', 14),
(131, 'REP', 12);

--
-- Déchargement des données de la table `tb_lignefraishorsforfait`
--

INSERT INTO `tb_lignefraishorsforfait` (`LFH_NUM`, `LFH_LIBELLE`, `LFH_DATE`, `LFH_MONTANT`, `LFH_FCH_NUM`) VALUES
(1, 'Fleurs', '2019-07-08', '100.00', 2),
(2, 'Cadeau de bienvenue', '2019-07-05', '50.00', 16),
(3, 'Location salle conférence', '2019-07-18', '400.00', 16),
(4, 'Location salle conférence', '2019-07-08', '250.00', 36),
(5, 'Location salle conférence', '2019-08-21', '350.00', 22),
(6, 'Location salle conférence', '2019-09-05', '200.00', 44),
(7, 'Fleurs', '2019-09-15', '50.00', 53),
(8, 'Cadeau de bienvenue', '2019-09-15', '35.00', 53),
(9, 'Location salle conférence', '2019-09-23', '350.00', 60);

--
-- Déchargement des données de la table `tb_visiteur`
--

INSERT INTO `tb_visiteur` (`VST_ID`, `VST_NOM`, `VST_PRENOM`, `VST_DATE_EMBAUCHE`, `VST_TEL_PORTABLE`, `VST_DPR_NUM`) VALUES
('a131', 'Villechalane', 'Louis', '1992-12-11', '0611692543', 63),
('a17', 'Andre', 'David', '1991-08-26', '0673918246', 76),
('a55', 'Bedos', 'Christian', '1987-07-17', '0617934625', 27),
('a93', 'Tusseau', 'Louis', '1999-01-02', '0628391782', 5),
('b13', 'Bentot', 'Pascal', '1996-03-11', '0631236456', 6),
('b16', 'Bioret', 'Luc', '1997-03-21', '0698786545', 63),
('b19', 'Bunisset', 'Francis', '1999-01-31', '0654875689', 83),
('b25', 'Bunisset', 'Denise', '1994-07-03', NULL, 83),
('b28', 'Cacheux', 'Bernard', '2000-08-02', '0611526321', 22),
('b34', 'Cadic', 'Eric', '1993-12-06', '0622778833', 5),
('b4', 'Charoze', 'Catherine', '1997-09-25', '0695243896', 6),
('b50', 'Clepkens', 'Christophe', '1998-01-18', '0648239654', 35),
('b59', 'Cottin', 'Vincenne', '1995-10-21', '0621736985', 35),
('c14', 'Daburon', 'François', '1989-02-01', '0698316454', 35),
('c3', 'De', 'Philippe', '1992-05-05', '0685965214', 22),
('c54', 'Debelle', 'Michel', '1991-04-09', '0652376183', 44),
('d13', 'Debelle', 'Jeanne', '1991-12-05', '0683145696', 44),
('d51', 'Debroise', 'Michel', '1997-11-18', '0792518563', 5),
('e22', 'Desmarquest', 'Nathalie', '1989-03-24', '0731628912', 6),
('e24', 'Desnost', 'Pierre', '1993-05-17', '0625853691', 44),
('e39', 'Dudouit', 'Frédéric', '1988-04-26', '0685215247', 44),
('e49', 'Duncombe', 'Claude', '1996-02-19', '0623871963', 22),
('e5', 'Enault-Pascreau', 'Céline', '1990-11-27', '0633224485', 29),
('e52', 'Eynde', 'Valérie', '1991-10-31', NULL, 85),
('f21', 'Finck', 'Jacques', '1993-06-08', '0695751535', 63),
('f39', 'Frémont', 'Fernande', '1997-02-15', '0628731912', 85),
('f4', 'Gest', 'Alain', '1994-05-03', '0646982685', 83),
('g19', 'Gheysen', 'Galassus', '1996-01-18', '0632851697', 27),
('g30', 'Girard', 'Yvon', '1999-03-27', NULL, 53),
('g53', 'Gombert', 'Luc', '1985-10-02', '0652638596', 84),
('g7', 'Guindon', 'Caroline', '1996-01-13', '0679632145', 53),
('h13', 'Guindon', 'François', '1993-05-08', '0671568316', 53),
('h30', 'Igigabel', 'Guy', '1998-04-26', '0782394123', 53),
('h35', 'Jourdren', 'Pierre', '1993-08-26', '0723685147', 29),
('h40', 'Juttard', 'Pierre-Raoul', '1992-11-01', '0682937182', 49),
('j45', 'Labouré-Morel', 'Saout', '1998-02-25', '0642359512', 49),
('j50', 'Landré', 'Philippe', '1992-12-16', '0685216912', 49),
('j8', 'Langeard', 'Hugues', '1998-06-18', '0685236415', 49),
('k4', 'Lanne', 'Bernard', '1996-11-21', '0785321459', 49),
('k53', 'Le', 'Noël', '1983-03-23', '0621548756', 72),
('l14', 'Le', 'Jean', '1995-02-02', '0636925871', 72),
('l23', 'Leclercq', 'Servane', '1995-06-05', '0619875633', 72),
('l46', 'Lecornu', 'Jean-Bernard', '1997-01-24', '0673918525', 72),
('t45', 'Tiphagne', 'Patrick', '2011-03-15', '0652445533', 63);
COMMIT;

/*!40101 SET CHARACTER_SET_CLIENT=@OLD_CHARACTER_SET_CLIENT */;
/*!40101 SET CHARACTER_SET_RESULTS=@OLD_CHARACTER_SET_RESULTS */;
/*!40101 SET COLLATION_CONNECTION=@OLD_COLLATION_CONNECTION */;
